{
    "Jakarta|Tokyo": {
        "mean": 77.16563398222222,
        "stddev": 0.09461537747058615
    },
    "Delhi|Tokyo": {
        "mean": 135.5247514622222,
        "stddev": 4.771932237907979
    },
    "Mumbai|Tokyo": {
        "mean": 132.45727970000002,
        "stddev": 19.151680464214245
    },
    "Manila|Tokyo": {
        "mean": 55.77194733777778,
        "stddev": 0.09993358172074669
    },
    "S\u00e3o Paulo|Tokyo": {
        "mean": 264.3249485422222,
        "stddev": 3.8380961129165043
    },
    "Seoul|Tokyo": {
        "mean": 29.71912517333333,
        "stddev": 0.4758569297300765
    },
    "Mexico City|Tokyo": {
        "mean": 139.53914188444443,
        "stddev": 1.5186288736271383
    },
    "New York City|Tokyo": {
        "mean": 147.47934166666667,
        "stddev": 1.4452455146800112
    },
    "Bangkok|Tokyo": {
        "mean": 90.90054659111112,
        "stddev": 8.73844598227165
    },
    "Moscow|Tokyo": {
        "mean": 123.03242018222222,
        "stddev": 1.8156637299659166
    },
    "Buenos Aires|Tokyo": {
        "mean": 230.05298625777777,
        "stddev": 7.520890076705808
    },
    "Lagos|Tokyo": {
        "mean": 343.7673676807512,
        "stddev": 11.319324396093132
    },
    "Los Angeles|Tokyo": {
        "mean": 101.62206140444444,
        "stddev": 4.328574059012579
    },
    "Ho Chi Minh City|Tokyo": {
        "mean": 75.28666863555556,
        "stddev": 4.8686478262507284
    },
    "Osaka|Tokyo": {
        "mean": 15.69682010222222,
        "stddev": 2.8103387271736486
    },
    "Johannesburg|Tokyo": {
        "mean": 180.04492581900453,
        "stddev": 3.6188201778499276
    },
    "Istanbul|Tokyo": {
        "mean": 234.84027149333335,
        "stddev": 0.16640792640229124
    },
    "Delhi|Jakarta": {
        "mean": 87.99322104888888,
        "stddev": 6.0457691571079835
    },
    "Jakarta|Mumbai": {
        "mean": 63.05367601333333,
        "stddev": 3.7530520937098633
    },
    "Jakarta|Manila": {
        "mean": 41.49512193693693,
        "stddev": 0.3594389932071125
    },
    "Jakarta|S\u00e3o Paulo": {
        "mean": 323.49992783035714,
        "stddev": 0.10631403465551166
    },
    "Jakarta|Seoul": {
        "mean": 90.39326410502284,
        "stddev": 25.055453909829236
    },
    "Jakarta|Mexico City": {
        "mean": 234.14161985333334,
        "stddev": 3.1901134025635423
    },
    "Jakarta|New York City": {
        "mean": 249.589355527027,
        "stddev": 54.77730682680062
    },
    "Bangkok|Jakarta": {
        "mean": 39.66510779111111,
        "stddev": 7.803386575777436
    },
    "Jakarta|Moscow": {
        "mean": 165.42824441517857,
        "stddev": 8.539132726386265
    },
    "Buenos Aires|Jakarta": {
        "mean": 340.98686573333333,
        "stddev": 0.18947343110870832
    },
    "Jakarta|Lagos": {
        "mean": 235.4107282488889,
        "stddev": 9.740812871483032
    },
    "Jakarta|Los Angeles": {
        "mean": 207.4221198577778,
        "stddev": 57.0337605622913
    },
    "Ho Chi Minh City|Jakarta": {
        "mean": 41.41782332444445,
        "stddev": 8.182566805165955
    },
    "Jakarta|Osaka": {
        "mean": 93.90111167111111,
        "stddev": 2.883710420340596
    },
    "Jakarta|Johannesburg": {
        "mean": 157.00056531555555,
        "stddev": 11.391605245774215
    },
    "Istanbul|Jakarta": {
        "mean": 178.02955852192983,
        "stddev": 0.9565614641248902
    },
    "Delhi|Mumbai": {
        "mean": 39.306046968888886,
        "stddev": 2.143842116907263
    },
    "Delhi|Manila": {
        "mean": 134.61185935897436,
        "stddev": 151.60426393417487
    },
    "Delhi|S\u00e3o Paulo": {
        "mean": 260.23497496,
        "stddev": 0.2884139785920232
    },
    "Delhi|Seoul": {
        "mean": 171.6883627511111,
        "stddev": 9.193752265129653
    },
    "Delhi|Mexico City": {
        "mean": 286.68198690222226,
        "stddev": 4.371224903298171
    },
    "Delhi|New York City": {
        "mean": 215.63730161333334,
        "stddev": 2.9684838903392046
    },
    "Bangkok|Delhi": {
        "mean": 110.03836780357143,
        "stddev": 6.950792171163729
    },
    "Delhi|Moscow": {
        "mean": 190.83166347555553,
        "stddev": 1.1591408652126873
    },
    "Buenos Aires|Delhi": {
        "mean": 362.54414184,
        "stddev": 0.9220920414565272
    },
    "Delhi|Lagos": {
        "mean": 263.6741927111111,
        "stddev": 0.31898068766794685
    },
    "Delhi|Los Angeles": {
        "mean": 249.82049840444444,
        "stddev": 8.094856832281065
    },
    "Delhi|Ho Chi Minh City": {
        "mean": 122.44851758482143,
        "stddev": 14.24028935545819
    },
    "Delhi|Osaka": {
        "mean": 159.06365550666666,
        "stddev": 5.461736183298167
    },
    "Delhi|Johannesburg": {
        "mean": 234.47506442857141,
        "stddev": 11.07762446329345
    },
    "Delhi|Istanbul": {
        "mean": 161.0328834090909,
        "stddev": 16.61445777957624
    },
    "Manila|Mumbai": {
        "mean": 143.64217496460176,
        "stddev": 243.74875194780998
    },
    "Mumbai|S\u00e3o Paulo": {
        "mean": 230.40755532589287,
        "stddev": 8.776786045947167
    },
    "Mumbai|Seoul": {
        "mean": 119.33123018666667,
        "stddev": 2.165440268585849
    },
    "Mexico City|Mumbai": {
        "mean": 272.71205124,
        "stddev": 10.105174696537091
    },
    "Mumbai|New York City": {
        "mean": 209.61088169333334,
        "stddev": 11.416728685580848
    },
    "Bangkok|Mumbai": {
        "mean": 81.38763777777777,
        "stddev": 12.0067668624065
    },
    "Moscow|Mumbai": {
        "mean": 172.0356165357143,
        "stddev": 11.597493292039646
    },
    "Buenos Aires|Mumbai": {
        "mean": 308.9454470045045,
        "stddev": 10.941368887208286
    },
    "Lagos|Mumbai": {
        "mean": 249.93006336444446,
        "stddev": 0.17026369415706238
    },
    "Los Angeles|Mumbai": {
        "mean": 218.65869916,
        "stddev": 1.5382291260402716
    },
    "Ho Chi Minh City|Mumbai": {
        "mean": 97.18801178125,
        "stddev": 11.554951824677488
    },
    "Mumbai|Osaka": {
        "mean": 140.03989447297297,
        "stddev": 3.2595494881219125
    },
    "Johannesburg|Mumbai": {
        "mean": 183.17574889333332,
        "stddev": 10.86773474132778
    },
    "Istanbul|Mumbai": {
        "mean": 141.54689793693694,
        "stddev": 18.064265107883447
    },
    "Manila|S\u00e3o Paulo": {
        "mean": 326.2384191517857,
        "stddev": 0.797539572816754
    },
    "Manila|Seoul": {
        "mean": 67.63945840888888,
        "stddev": 0.22742290941310514
    },
    "Manila|Mexico City": {
        "mean": 229.64494010714287,
        "stddev": 0.7982868539771542
    },
    "Manila|New York City": {
        "mean": 196.75463195555557,
        "stddev": 0.19412344223422387
    },
    "Bangkok|Manila": {
        "mean": 68.94348178666667,
        "stddev": 5.0069253819891495
    },
    "Manila|Moscow": {
        "mean": 197.7602602088889,
        "stddev": 0.18361981851401932
    },
    "Buenos Aires|Manila": {
        "mean": 337.1418192622222,
        "stddev": 0.1766611949828924
    },
    "Lagos|Manila": {
        "mean": 333.25530524888893,
        "stddev": 0.2824053391625089
    },
    "Los Angeles|Manila": {
        "mean": 165.07018471555554,
        "stddev": 0.1461561710879135
    },
    "Ho Chi Minh City|Manila": {
        "mean": 48.02082715111111,
        "stddev": 5.382876779452616
    },
    "Manila|Osaka": {
        "mean": 79.06461220444443,
        "stddev": 5.227791367361819
    },
    "Johannesburg|Manila": {
        "mean": 255.0436745,
        "stddev": 3.705185726040352
    },
    "Istanbul|Manila": {
        "mean": 201.22276752444444,
        "stddev": 0.18587052938537874
    },
    "Seoul|S\u00e3o Paulo": {
        "mean": 307.8264827623318,
        "stddev": 6.141409890720935
    },